{
    "extends": ["tslint:latest"],
    "rules": {
        "no-namespace": false,
        "interface-name": false,
        "no-console": false,
        "max-line-length": false,
        "forin": false,
        "object-literal-sort-keys": false,
        "variable-name": [true, "ban-keywords", "check-format", "allow-leading-underscore", "allow-pascal-case"],
        "no-implicit-dependencies": [true, "dev"],
        "no-bitwise": false,
        "quotemark": false,
        "no-object-literal-type-assertion": false,
        "member-ordering": false,
        "no-empty-interface": false
    }
}